<?xml version="1.0" encoding="UTF-8"?>
<!DOCTYPE component SYSTEM "http://www.freac.org/boca/component.dtd">
<component>
  <name>TTA Lossless Audio Decoder</name>
  <version>1.0</version>
  <id>tta-dec</id>
  <type>decoder</type>
  <format>
    <name>TTA Audio Files</name>
    <lossless>true</lossless>
    <extension>tta</extension>
    <tag id="id3v2-tag" mode="prepend">ID3v2</tag>
  </format>
  <external>
    <command>ttaenc</command>
    <arguments>-d %OPTIONS %INFILE -o -</arguments>
    <mode>stdio</mode>
    <outformat>wave</outformat>
  </external>
</component>
