<?xml version="1.0" encoding="UTF-8"?>
<!DOCTYPE component SYSTEM "http://www.freac.org/boca/component.dtd">
<component>
  <name>Tom's Audiokompressor</name>
  <version>1.0</version>
  <id>tak-dec</id>
  <type>decoder</type>
  <replace>avconv-tak-dec</replace>
  <format>
    <name>Tom's Audio</name>
    <lossless>true</lossless>
    <extension>tak</extension>
    <tag id="apev2-tag" mode="append">APEv2</tag>
  </format>
  <external>
    <command ignoreExitCode="true">takc</command>
    <arguments>-d %OPTIONS %INFILE -</arguments>
    <mode>stdio</mode>
    <outformat>wave</outformat>
    <md5 prefix="MD5:">-fi %INFILE</md5>
  </external>
</component>
