<?xml version="1.0" encoding="UTF-8"?>
<!DOCTYPE component SYSTEM "http://www.freac.org/boca/component.dtd">
<component>
  <name>TTA Lossless Audio Encoder</name>
  <version>1.0</version>
  <id>tta-enc</id>
  <type>encoder</type>
  <format>
    <name>TTA Audio Files</name>
    <lossless>true</lossless>
    <extension>tta</extension>
    <tag id="id3v2-tag" mode="prepend">ID3v2</tag>
  </format>
  <input bits="8" signed="false"/>
  <input bits="16-24"/>
  <external>
    <command>ttaenc</command>
    <arguments>-e %OPTIONS %INFILE -o %OUTFILE</arguments>
    <mode>file</mode>
    <informat>wave</informat>
  </external>
</component>
