<?xml version="1.0" encoding="UTF-8"?>
<!DOCTYPE component SYSTEM "http://www.freac.org/boca/component.dtd">
<component>
  <name>La Lossless Audio Encoder</name>
  <version>1.0</version>
  <id>la-enc</id>
  <type>encoder</type>
  <format>
    <name>La Audio Files</name>
    <lossless>true</lossless>
    <extension>la</extension>
    <tag id="id3v1-tag" mode="append">ID3v1</tag>
  </format>
  <input channels="1-2"/>
  <external>
    <command>la</command>
    <arguments>%OPTIONS %INFILE %OUTFILE</arguments>
    <mode>file</mode>
    <informat>wave</informat>
    <parameters>
      <switch name="High compression mode" argument="-high"/>
      <switch name="Disable seeking" argument="-noseek"/>
    </parameters>
  </external>
</component>
