<?xml version="1.0" encoding="UTF-8"?>
<!DOCTYPE component SYSTEM "http://www.freac.org/boca/component.dtd">
<component>
  <name>Windows Media Video Audio Extractor</name>
  <version>1.0</version>
  <id>avconv-wmv_audio-dec</id>
  <type>decoder</type>
  <format>
    <name>Windows Media Video Files</name>
    <extension>wmv</extension>
    <tag id="wma-tag" mode="other">WMA Metadata</tag>
  </format>
  <external>
    <command>avconv</command>
    <arguments>-i %INFILE -vn %OPTIONS -f wav -</arguments>
    <mode>stdio</mode>
    <outformat>wave</outformat>
  </external>
  <external>
    <command>ffmpeg</command>
    <arguments>-i %INFILE -vn %OPTIONS -f wav -</arguments>
    <mode>stdio</mode>
    <outformat>wave</outformat>
  </external>
</component>
