<?xml version="1.0" encoding="UTF-8"?>
<!DOCTYPE component SYSTEM "http://www.freac.org/boca/component.dtd">
<component>
  <name>OptimFROG Lossless Encoder</name>
  <version>1.0</version>
  <id>ofr-enc</id>
  <type>encoder</type>
  <format>
    <name>OptimFROG Files</name>
    <lossless>true</lossless>
    <extension>ofr</extension>
    <tag id="apev2-tag" mode="append">APEv2</tag>
  </format>
  <input bits="8" signed="false" channels="1-2"/>
  <input bits="16-32" channels="1-2"/>
  <external>
    <command>ofr</command>
    <arguments>--encode --incorrectheader %OPTIONS - --output %OUTFILE</arguments>
    <mode>stdio</mode>
    <informat>wave</informat>
    <parameters>
      <selection name="Encoding mode" argument="--mode %VALUE" default="normal">
	<option alias="fast">fast</option>
	<option alias="normal">normal</option>
	<option alias="high">high</option>
	<option alias="extra">extra</option>
	<option alias="best">best</option>
	<option alias="high, new">highnew</option>
	<option alias="extra, new">extranew</option>
	<option alias="best, new">bestnew</option>
      </selection>
      <switch name="Add MD5 checksum" argument="--md5" enabled="true"/>
      <selection name="Seeking" argument="--seek %VALUE" default="normal">
	<option alias="fast">fast</option>
	<option alias="normal">normal</option>
	<option alias="slow">slow</option>
	<option alias="minimum">min</option>
      </selection>
      <selection name="Optimization" argument="--optimize %VALUE" default="fast">
	<option alias="disabled">none</option>
	<option alias="low">fast</option>
	<option alias="normal">normal</option>
	<option alias="high">high</option>
	<option alias="best">best</option>
      </selection>
    </parameters>
  </external>
</component>
