<?xml version="1.0" encoding="UTF-8"?>
<!DOCTYPE component SYSTEM "http://www.freac.org/boca/component.dtd">
<component>
  <name>Qualcomm PureVoice Decoder</name>
  <version>1.0</version>
  <id>avconv-qcp-dec</id>
  <type>decoder</type>
  <format>
    <name>PureVoice Files</name>
    <extension>qcp</extension>
  </format>
  <external>
    <command>avconv</command>
    <arguments>-i %INFILE %OPTIONS -f wav -y %OUTFILE</arguments>
    <mode>file</mode>
    <outformat>wave</outformat>
  </external>
  <external>
    <command>ffmpeg</command>
    <arguments>-i %INFILE %OPTIONS -f wav -y %OUTFILE</arguments>
    <mode>file</mode>
    <outformat>wave</outformat>
  </external>
</component>
