<?xml version="1.0" encoding="UTF-8"?>
<!DOCTYPE component SYSTEM "http://www.freac.org/boca/component.dtd">
<component>
  <name>Adaptive Multi-Rate Decoder</name>
  <version>1.0</version>
  <id>avconv-amr-dec</id>
  <type>decoder</type>
  <format>
    <name>AMR Files</name>
    <extension>amr</extension>
  </format>
  <format>
    <name>3GPP Files</name>
    <extension>3gp</extension>
    <tag id="mp4-tag" mode="other">MP4 Metadata</tag>
  </format>
  <external>
    <command>avconv</command>
    <arguments>-i %INFILE %OPTIONS -f wav -</arguments>
    <mode>stdio</mode>
    <outformat>wave</outformat>
  </external>
  <external>
    <command>ffmpeg</command>
    <arguments>-i %INFILE %OPTIONS -f wav -</arguments>
    <mode>stdio</mode>
    <outformat>wave</outformat>
  </external>
</component>
