<?xml version="1.0" encoding="UTF-8"?>
<!DOCTYPE component SYSTEM "http://www.freac.org/boca/component.dtd">
<component>
  <name>Qualcomm PureVoice Encoder</name>
  <version>1.0</version>
  <id>qcp-enc</id>
  <type>encoder</type>
  <format>
    <name>PureVoice</name>
    <extension>qcp</extension>
    <tag id="riff-tag" mode="other">RIFF INFO Tag</tag>
  </format>
  <input bits="8-16" channels="1"/>
  <external>
    <command>pvconv</command>
    <arguments>%OPTIONS %INFILE %OUTFILE</arguments>
    <mode>file</mode>
    <informat>wave</informat>
    <parameters>
      <selection name="Rate set" argument="-r %VALUE">
	<option alias="variable rate, full rate max">vfr</option>
	<option alias="variable rate, half rate max">vhr</option>
	<option alias="fixed full rate">ffr</option>
	<option alias="fixed half rate">fhr</option>
      </selection>
    </parameters>
  </external>
</component>
