<?xml version="1.0" encoding="UTF-8"?>
<!DOCTYPE component SYSTEM "http://www.freac.org/boca/component.dtd">
<component>
  <name>RK Audio Encoder</name>
  <version>1.0</version>
  <id>rkau-enc</id>
  <type>encoder</type>
  <format>
    <name>RK Audio</name>
    <lossless>true</lossless>
    <extension>rka</extension>
  </format>
  <input bits="8" signed="false" channels="1-2"/>
  <input bits="16-24" channels="1-2"/>
  <external>
    <command>rkau</command>
    <arguments>%OPTIONS %INFILE %OUTFILE</arguments>
    <mode>file</mode>
    <informat>wave</informat>
    <parameters>
      <selection name="Compression level" argument="-l%VALUE" default="2">
	<option alias="Fast">1</option>
	<option alias="Default">2</option>
	<option alias="Max">3</option>
      </selection>
      <range name="Simple lossy mode" argument="-q%VALUE" default="5">
	<min alias="best quality">1</min>
	<max alias="best compression">15</max>
      </range>
      <range name="VRQ lossy mode" argument="-v%VALUE" default="6">
	<min alias="best compression">1</min>
	<max alias="best quality">8</max>
      </range>
    </parameters>
  </external>
</component>
