<?xml version="1.0" encoding="UTF-8"?>
<!DOCTYPE component SYSTEM "http://www.freac.org/boca/component.dtd">
<component>
  <name>Shorten Lossless Decoder</name>
  <version>1.0</version>
  <id>shn-dec</id>
  <type>decoder</type>
  <format>
    <name>Shorten Audio</name>
    <lossless>true</lossless>
    <extension>shn</extension>
  </format>
  <external>
    <command>shorten</command>
    <arguments>-x %OPTIONS %INFILE %OUTFILE</arguments>
    <mode>file</mode>
    <outformat>wave</outformat>
  </external>
</component>
