<?xml version="1.0" encoding="UTF-8"?>
<!DOCTYPE component SYSTEM "http://www.freac.org/boca/component.dtd">
<component>
  <name>Apple Lossless Encoder</name>
  <version>1.0</version>
  <id>avconv-alac-enc</id>
  <type>encoder</type>
  <format>
    <name>Apple Lossless Files</name>
    <lossless>true</lossless>
    <extension>m4a</extension>
    <tag id="mp4-tag" mode="other">MP4 Metadata</tag>
  </format>
  <input bits="16"/>
  <external>
    <command>avconv</command>
    <arguments>-f wav -i %INFILE -c:a alac %OPTIONS -y %OUTFILE</arguments>
    <mode>file</mode>
    <informat>wave</informat>
  </external>
  <external>
    <command>ffmpeg</command>
    <arguments>-f wav -i %INFILE -acodec alac %OPTIONS -y %OUTFILE</arguments>
    <mode>file</mode>
    <informat>wave</informat>
  </external>
</component>
