<?xml version="1.0" encoding="UTF-8"?>
<!DOCTYPE component SYSTEM "http://www.freac.org/boca/component.dtd">
<component>
  <name>DTS Coherent Acoustics Encoder</name>
  <version>1.0</version>
  <id>ffdcaenc-enc</id>
  <type>encoder</type>
  <format>
    <name>DTS Files</name>
    <extension>dts</extension>
  </format>
  <external>
    <command>ffdcaenc</command>
    <arguments>-i - -o %OUTFILE -l %OPTIONS</arguments>
    <mode>stdio</mode>
    <informat>wave</informat>
    <parameters>
      <selection name="Bitrate" argument="-b %VALUE" default="1411.2" enabled="true">
	<option alias="%1 kbps (Stereo)">256</option>
	<option alias="%1 kbps (Stereo)">384</option>
	<option alias="%1 kbps (Stereo)">512</option>
	<option alias="%1 kbps (DTS 5.1 DVD, half rate)">754.5</option>
	<option alias="%1 kbps">768</option>
	<option alias="%1 kbps">1024</option>
	<option alias="%1 kbps (DTS 5.1 CD)">1411.2</option>
	<option alias="%1 kbps (DTS 5.1 DVD)">1509</option>
	<option alias="%1 kbps">1536</option>
	<option alias="%1 kbps">2048</option>
      </selection>
      <switch name="Reduced bit depth for DTS CD format" argument="-r"/>
      <switch name="Write output in little-endian byte order" argument="-e"/>
    </parameters>
  </external>
</component>
